YYYY-MM;tip percentage;trips number
2021-12;0.18080023887727678;17
2022-01;0.1621763081803215;7738
